"ITEM_ID","Worth_r2","Rank_r2","Worth_r3","Rank_r3","Worth_r4","Rank_r4","Worth_r5","Rank_r5","Worth_r6","Rank_r6","Worth_r7","Rank_r7","Worth_r8","Rank_r8","Worth_r9","Rank_r9","Worth_r10","Rank_r10","Worth_r11","Rank_r11","Worth_r12","Rank_r12","Worth_r13","Rank_r13","Worth_r14","Rank_r14","Worth_r15","Rank_r15","Worth_r16","Rank_r16","Worth_r17","Rank_r17","Worth_r18","Rank_r18","Worth_r19","Rank_r19","Worth_r20","Rank_r20"
"18",0.0284775040455756,12,0.0355306367768344,10,0.0228870097515884,13,0.0217024505612383,15,0.0208885407853083,14,0.0395513750427957,7,0.0155714051567624,13,0.0145936173750659,11,0.0214354805614255,10,0.0243539910712299,8,0.0704453914346554,5,0.0859584159680059,3,0.0907715992020964,4,0.122772691989671,3,0.134765535312348,3,0.136483017509222,3,0.15061355934965,3,0.151215655586407,3,0.178153003289545,1
"128",0.0132149737336435,26,0.0167224028805537,17,0.0292527964039574,11,0.0768759886793202,3,0.0631955250319987,5,0.160108669156697,1,0.310813549615721,1,0.364061035694553,1,0.374219743440738,1,0.365729539232981,1,0.130070113817593,2,0.160185507242047,2,0.170602941355725,2,0.166886737981731,2,0.1625259638927,2,0.160260883395937,2,0.162950794168261,2,0.162061121997229,2,0.168901849618091,2
"143",0.0330584924381752,8,0.0350431371478133,11,0.0267518454752209,12,0.0273260261241259,13,0.0660972136015564,4,0.0766778916772665,4,0.0533533973101781,5,0.058292464835021,4,0.0650241024377145,3,0.0911651543034002,3,0.0892422142899726,4,0.0834081325243726,4,0.103555994652124,3,0.114412474752431,4,0.11906448781499,4,0.122225518061793,4,0.128475553765292,4,0.130557092204427,4,0.141007207499477,3
"49",0.0303562559713956,9,0.0454810610343507,4,0.0707079593154588,2,0.0942080943434764,2,0.0883514470818067,3,0.0589262775178843,5,0.123566924418803,2,0.162510977133677,2,0.173670140576836,2,0.182181760939371,2,0.173513438097541,1,0.188328339270667,1,0.200596585218882,1,0.207928699919847,1,0.209887618868395,1,0.208219233990044,1,0.204045393487943,1,0.204672519432595,1,0.111190783701265,4
"98",0.0441798942845683,4,0.0357126840742214,9,0.0399382462750769,6,0.0966940362302066,1,0.159608856690882,1,0.131651399270435,2,0.0950978283556283,3,0.0907128912347872,3,0.038076814195049,5,0.0364162967096972,4,0.0991839591460233,3,0.0538179079123989,5,0.052198872450918,5,0.046953396007714,6,0.0464028914874792,6,0.0540296643415511,5,0.0530543084749662,5,0.0532546083871536,5,0.0641534442816137,5
"75",0.0186457910801353,17,0.0453555036078507,5,0.117506758175971,1,0.0500008110358544,7,0.0528980778701894,6,0.0496283231072397,6,0.0336789066458049,6,0.0345063512577163,5,0.0396838739918625,4,0.0354322578484653,5,0.0537620122263005,6,0.0506195929286716,6,0.0443874394813542,7,0.027765044350319,9,0.026685342356345,8,0.0269050243929784,8,0.0298192656107304,8,0.0295246846264846,8,0.045174440812186,6
"16",0.0211942228775809,13,0.0314179832838045,13,0.0330010960758764,10,0.0758267257478691,4,0.0914598744323581,2,0.108084851305998,3,0.0924758099192871,4,0.0143979425818822,12,0.0152926555923236,13,0.0150315860850904,13,0.023605109782936,11,0.0335237945334822,10,0.0326845094487433,8,0.0285354090906521,8,0.0257215717029735,9,0.0266409935434908,9,0.023035181305408,9,0.0236232960760518,9,0.0385014699636237,7
"108",0.0196032342611496,16,0.0237186674855134,15,0.0194087096496708,17,0.0292283523762136,11,0.0281268346382607,11,0.0258711925606416,11,0.0198169010822696,10,0.0194941236753429,9,0.0326801038844963,6,0.0301902440361502,6,0.0503116601130624,7,0.0470598992926438,7,0.0515103658890572,6,0.0521211181516106,5,0.0530992005311341,5,0.0529624002244533,6,0.0493256187173705,6,0.0479385170022368,6,0.0346386714105828,8
"139",0.0336018775993547,7,0.0459886889411238,3,0.0371463369571157,7,0.016822263481688,16,0.0177856140041521,15,0.0129910702146093,15,0.0078453485447757,17,0.00745775557185811,18,0.00835452483015381,16,0.00841195298184519,14,0.0138037521754912,13,0.0143393963559485,13,0.0119131425867741,14,0.0157604795191098,13,0.0146571449639238,13,0.0165320695281872,11,0.0166618002135048,11,0.0172519316382442,11,0.0250634093710323,9
"43",0.0442712277023819,3,0.0660816991889418,1,0.0642139013421649,4,0.0527225140476583,5,0.0274366092794224,12,0.0300301721450258,10,0.0241484060489082,8,0.0241648266149218,7,0.0239414242921825,8,0.0242808613103152,9,0.0369490152313708,8,0.0338871605498626,9,0.0229383351804167,10,0.0290329066178463,7,0.0351674261532042,7,0.0355697909394674,7,0.0348947641071969,7,0.0341116954811057,7,0.0238440407430684,10
"129",0.0555548595159804,2,0.0141853707667307,20,0.0205891543172576,16,0.029752328222736,10,0.0374353191724836,7,0.0331384902620185,9,0.0172308408261671,11,0.0192175706117132,10,0.0219798509426294,9,0.022656067038696,10,0.0218637677242124,12,0.0221422938284553,12,0.0201407099253551,12,0.0182121158959588,12,0.0164982743584258,11,0.0142497988520475,13,0.0141232657118538,13,0.0154726162816103,12,0.0192535405049338,11
"77",0.0175228825586157,20,0.0561644068786616,2,0.0489838989477538,5,0.0277594848673469,12,0.0339607030282644,8,0.0191734650958795,12,0.0170681895991172,12,0.013282742052544,13,0.0153969849076871,12,0.0164349455706773,12,0.0239700070547798,10,0.0235318661824267,11,0.0212691707361436,11,0.018257368071257,11,0.0148212273646892,12,0.0143565364342532,12,0.0144065071977527,12,0.0145979235412911,13,0.0162498849902993,12
"103",0.0346247266682126,6,0.0424317387925784,8,0.0339103862401046,9,0.0351295496348199,8,0.0299557352178809,9,0.035611802975288,8,0.0235975362564009,9,0.0239364192414153,8,0.0325261523184398,7,0.0264442668974803,7,0.0350561261601618,9,0.0339407297879667,8,0.0319139441214206,9,0.0216414593893211,10,0.0200603216098031,10,0.0191181206241449,10,0.018977898914648,10,0.0192007575044085,10,0.0139088127445908,13
"96",0.017594293891801,19,0.0208380987055385,16,0.0225423997126349,14,0.0250570083621326,14,0.0225830757082701,13,0.012900522758471,16,0.025762950935677,7,0.0300844168300423,6,0.019248521641351,11,0.0181349074632344,11,0.0135190067271579,14,0.0133676807838603,15,0.0116759628743865,15,0.0140630223452156,14,0.0130272182750377,14,0.0124411882247153,14,0.0104806380432945,14,0.0112168149306063,14,0.013582292443898,14
"68",0.0608804758119802,1,0.0119716640199945,25,0.0190021720599486,18,0.0161375875857793,17,0.0154813125509552,17,0.00876058453966065,18,0.00666838655373058,18,0.00777616259559032,17,0.00710699403075226,17,0.00599093373515446,17,0.00985120425572609,17,0.00993274473260768,16,0.00994014132310885,16,0.00912792444347855,16,0.00933145335226656,16,0.00930239060369344,15,0.00860022248356676,15,0.00818565074043461,15,0.0100172448328172,15
"33",0.0143721289681857,23,0.0124777719672652,24,0.0167645158145527,19,0.0119919456154925,22,0.0101077947472264,21,0.0134504634467816,14,0.0130574561156076,14,0.00884806591337525,14,0.00907685328010709,14,0.00814597733788017,15,0.0131864449998744,15,0.0139346555509841,14,0.0124049292473658,13,0.0105738982493658,15,0.00997003215386489,15,0.00718528586337634,16,0.00670887874033002,16,0.00716959226518407,16,0.00858784107650623,16
"70",0.029914512688261,11,0.0425232256700121,7,0.0690920796728351,3,0.0302761998561869,9,0.015372813604627,18,0.016205915719516,13,0.00862537529484947,16,0.00869940661198778,15,0.00652708112514063,18,0.00519713348464839,19,0.00813446226897749,18,0.0078848619547931,17,0.00833287772383154,17,0.00733962030601755,17,0.00534911877623375,18,0.00491998621907937,18,0.00497062750295689,18,0.00491847939213806,18,0.00744456107398936,17
"38",0.00764411087222502,34,0.0069259428723575,33,0.0093362464967729,26,0.0130896325930027,20,0.00814413086575575,22,0.00673273778074822,22,0.00543244277869261,19,0.008263127390371,16,0.00856645681499868,15,0.00776668488192921,16,0.010816107402268,16,0.00787440484602506,18,0.00669589429165452,19,0.00587233401017702,19,0.0063274080916759,17,0.00581618744397947,17,0.00536380092876095,17,0.00544818769942749,17,0.00716483984980774,18
"3",0.0078753577033445,33,0.0152174179395364,18,0.0103188993511019,25,0.00775558430193771,26,0.00794736413285796,23,0.00735256043954019,19,0.00448143197299042,22,0.00575731685249039,19,0.00641832763338822,19,0.00574018980668756,18,0.00730291866724177,20,0.00711107361784713,20,0.00786479406214183,18,0.00729294763623561,18,0.00476129350128678,19,0.00448784632432096,19,0.00421327671651241,19,0.00402892538043145,19,0.00571145086266712,19
"47",0.00606258897592986,42,0.00923012254763634,29,0.00813997775937162,29,0.00882537471632741,25,0.0115126403504975,19,0.0056503607659566,26,0.00457535905783783,21,0.00453152696087195,21,0.00339699094767126,25,0.00288485217875174,28,0.00503187549717998,28,0.0056406022497954,23,0.00507087747373114,22,0.00369291343362394,24,0.00433687496410192,21,0.00402451542488377,21,0.00396629140881106,20,0.00373333911429012,20,0.00460237372299976,20
"111",0.0429190857790755,5,0.0267567052820427,14,0.0210100670611709,15,0.00662419007531579,29,0.00572117924826466,28,0.00690781315079098,21,0.00326151546307314,28,0.00308918313596345,29,0.00337268279438791,26,0.00296603465221886,25,0.00562015774950362,22,0.00548861451356549,24,0.00542485995546699,20,0.00484950695092535,20,0.00374464402239348,23,0.00388909221520295,22,0.00368599311036844,22,0.00348496024635477,21,0.00441650326171381,21
"105",0.00598180627434669,44,0.00816506682106882,31,0.00507505401116871,33,0.0062135837936243,31,0.00548374091446664,29,0.00655752944065601,25,0.00481821881180949,20,0.00405775862733751,24,0.00595609747302496,20,0.00378699902725998,21,0.00791253350643454,19,0.00781824656753188,19,0.00539187211555918,21,0.00468130645080543,21,0.00444763128493445,20,0.00363400002481065,23,0.00316581668114701,23,0.00307918639608396,22,0.00376475999921717,22
"20",0.00393422086351615,52,0.00481858122228335,39,0.00431762281520047,39,0.00299013254464515,38,0.00375687706487938,35,0.00389279048813381,33,0.00388291009973344,25,0.00320477435746438,27,0.00326138744619127,27,0.00291398866489453,27,0.00523953097836353,26,0.00496079851802481,26,0.00439255136863027,24,0.00417423048887673,22,0.00418108224905926,22,0.0041652898196909,20,0.00371361823039676,21,0.00303151302495496,23,0.00325114615969287,23
"52",0.0060936228968783,41,0.00453474329572626,43,0.00491673109991917,36,0.0043437237969448,34,0.00398479132358659,34,0.00547678608350509,27,0.00442070107657421,23,0.00420162213958986,22,0.0045003615879567,21,0.00326275463300123,23,0.00549137128245449,24,0.0041600618551626,30,0.00326073984257066,30,0.00300479037617844,27,0.00327326543933239,25,0.00313103973715874,26,0.00235710938736748,27,0.00243115875825779,24,0.00292139301349911,24
"39",0.0198995844943967,14,0.0315184557739616,12,0.035900884394104,8,0.0521872948470531,6,0.029730125347238,10,0.0124967489784293,17,0.00863493158815785,15,0.00461786467074223,20,0.00401829454733788,23,0.00373381975282372,22,0.00557707742667211,23,0.00613470701625571,22,0.00494773224882163,23,0.00295404139003887,28,0.0027732784740521,28,0.00271456625600672,28,0.00199230580660266,30,0.0021870894769714,26,0.00282923971084745,25
"116",0.0196533618621076,15,0.012875849391501,23,0.00536208464272992,32,0.00467999721981357,33,0.00640425051834924,27,0.00431598622908296,31,0.0033504320169415,27,0.00371654536495003,25,0.00288918664444861,30,0.00229531423108166,32,0.00486320685716727,29,0.00362809752446973,32,0.00273077438515429,32,0.00246302154020629,32,0.00248555749247352,32,0.00259307460694914,29,0.00204530123104997,29,0.00194700157546522,30,0.00273461464829183,26
"19",0.030295887585534,10,0.0426422465507676,6,0.0151712916770954,20,0.0114610419164183,23,0.0114695694247321,20,0.00521570564739297,28,0.00276689639876686,33,0.00269714111862304,31,0.00413810179749084,22,0.00401910695540805,20,0.00540782439865714,25,0.00475137428147593,27,0.00366572952875933,28,0.00311424880716908,26,0.00293405109314966,26,0.00322775062150722,25,0.00243061332651514,26,0.00205621302203063,28,0.0026375209641933,27
"48",0.0135541669301499,24,0.0105225735319531,26,0.0109345100282539,22,0.0106231870549812,24,0.00672192899299465,26,0.00339154384561405,35,0.00291454295256442,31,0.00354822181584634,26,0.00349463171211971,24,0.00311253252759303,24,0.00351507790587578,32,0.00439788127599474,28,0.00311754379683941,31,0.00278103467872199,29,0.00289608740625585,27,0.00324411477092753,24,0.00289337489353976,24,0.00195458137940061,29,0.00253081026805765,28
"76",0.00966667305852583,29,0.0133502728968201,21,0.0110683765002009,21,0.0135372009626695,19,0.0171078624312788,16,0.00710603711274664,20,0.00317501188580878,29,0.00279915295945608,30,0.00230204896009616,32,0.0026168692549946,30,0.00417751851673226,31,0.0040411216315866,31,0.00390043302516753,27,0.00379345610828699,23,0.00327348002964557,24,0.00303214649988918,27,0.00258994331497143,25,0.00236076636999029,25,0.00247946464614416,29
"152",0.00674213362876905,37,0.0131383373234941,22,0.0108559736610374,23,0.0128797226095883,21,0.00693218722634429,25,0.00669865815865499,23,0.00379678635248116,26,0.0031977516505271,28,0.00320015934957519,28,0.00295137387643736,26,0.00505864630772181,27,0.00512998130191054,25,0.00402883857888895,26,0.00262878320320529,31,0.0025256977810298,31,0.00238405898995857,30,0.00168014365247753,34,0.00172241501420675,33,0.00224550722763657,30
"133",0.00917340756799025,31,0.009673715357454,28,0.00834379382097475,28,0.00679563969407893,27,0.00482757319645533,30,0.00457300963517153,30,0.0030624534177907,30,0.00269681190719209,32,0.00296436133841013,29,0.00283726494372622,29,0.00430766924269666,30,0.00423860508647719,29,0.00416047823003739,25,0.00351680878368117,25,0.00275934020328901,29,0.00222925011470865,32,0.00204555878607131,28,0.00189559435806388,31,0.00209059963273612,31
"107",0.00917952454918406,30,0.0147405560386924,19,0.00715693213350125,30,0.00624377515453986,30,0.00480506502096932,31,0.00389592066854897,32,0.00214214114126528,36,0.00187666802190741,33,0.00187798075589158,34,0.00165784757714149,33,0.00269320916824699,33,0.00272047139185909,33,0.00257579218986817,33,0.00268095411591737,30,0.00269563912380025,30,0.00171036260249118,34,0.00179409129319897,32,0.00205940343191203,27,0.00203145252531691,32
"60",0.00465916162878853,49,0.00468340271650279,41,0.00323509001677053,42,0.00247497231793677,42,0.00218733213953681,40,0.00229254545937151,40,0.00153658124293487,40,0.00143191970937487,36,0.00136391093493626,38,0.00133434494242929,36,0.00195320280872527,39,0.00187010532368521,38,0.00169606139718298,36,0.00154126413345277,36,0.00146229953607488,37,0.00136428600995867,36,0.00141815027852266,35,0.00147034541467879,34,0.00198502819841301,33
"51",0.0176806625629976,18,0.00767968631519732,32,0.00915902530440489,27,0.0154360009592057,18,0.00708604487302104,24,0.00666533606216548,24,0.00424203267228378,24,0.00417645901774816,23,0.00250498625526306,31,0.00252961875877917,31,0.00587236401038367,21,0.00662373781056941,21,0.00351421675375904,29,0.00207163309360308,34,0.00181894040085885,34,0.00209342460012542,33,0.00176361440889417,33,0.00182475706386109,32,0.00195877748825653,34
"130",0.0083386301829,32,0.00827173516472552,30,0.00260849164008746,48,0.00261308439685686,40,0.00204663062428094,41,0.00159683475958514,47,0.00173601230540346,39,0.00134463073117218,37,0.00117903011157622,40,0.00127672419436806,38,0.00200913875387583,36,0.0019598886702922,35,0.00184145184589002,34,0.00210671952099863,33,0.00208335891655765,33,0.00224065758549949,31,0.00190239842324508,31,0.00137299758110719,35,0.00173552813262515,35
"44",0.0052002990109287,46,0.00410100230507804,48,0.00458767420832055,37,0.00357629829945784,37,0.00398560336484918,33,0.00280304666986361,37,0.00135756732587238,42,0.00118755829864744,42,0.00124980105046068,39,0.00120602342037675,40,0.00175641555538223,40,0.00195926448443967,36,0.00158724183746155,37,0.00110346869949945,40,0.00107976356970854,38,0.00104683501373697,40,0.00109234333705993,36,0.00109674167140167,36,0.00137857003438175,36
"150",0.0124480629201166,27,0.00622453731513661,34,0.0049771296270562,35,0.00273437519939976,39,0.00314550273431199,37,0.00238141279136172,38,0.0019068943989013,37,0.00126339548892886,40,0.00110591137062915,41,0.000965533377580267,42,0.00232871399851386,35,0.00208408417549099,34,0.00182651274322979,35,0.00160844628940536,35,0.00177490786171834,35,0.00146080191676622,35,0.000985020692219881,37,0.00102429756354364,37,0.001341925670958,37
"26",0.00208786546627634,73,0.00190325900017105,71,0.00193443949626334,56,0.00241800922982278,44,0.00125463233565563,55,0.00150583807793502,48,0.00127488706506229,43,0.00130678458798885,39,0.000698672869559857,47,0.000642595124026128,46,0.00116697657457759,45,0.00122168358883737,43,0.00112298199069374,42,0.00120951443160085,38,0.00103211692610105,40,0.000996216455235613,41,0.000762437517525943,44,0.000754447827358462,43,0.00116366747102036,38
"37",0.0071690958308598,35,0.00973358498910907,27,0.0104506139489547,24,0.00618840019645334,32,0.00168708480441428,50,0.00186455514717658,42,0.00106436410995851,48,0.000871228266908925,45,0.00108127047168934,42,0.00133008313920434,37,0.00200536961253881,37,0.00195305511390964,37,0.00148855509839454,38,0.00110803718762261,39,0.00087705503283186,42,0.000879582806861159,43,0.000791972209990177,43,0.000790302274033748,42,0.00115709607372313,39
"126",0.00207886424111606,74,0.0033228851257317,51,0.00303781351123318,43,0.00249805177551254,41,0.00304493175956263,38,0.00316125075052414,36,0.00249267820250043,34,0.00121491925815057,41,0.00156282022094968,36,0.00156355200092785,35,0.00267487364607462,34,0.00176612734516694,39,0.00127585354523756,40,0.0013112512985998,37,0.00153395611824786,36,0.00112600567827024,37,0.000979278384407454,38,0.000877213150813779,39,0.00109762025584455,40
"88",0.00420720494782227,51,0.00416734596345985,47,0.00119128366265935,69,0.00140315898461413,60,0.00198097254206755,42,0.00178425213706399,44,0.00176203179698232,38,0.0017895805837428,35,0.00156302467342117,35,0.00162736192968009,34,0.00170421244611949,42,0.0013618820845497,41,0.00121462657580606,41,0.00106641155515363,41,0.00105721612776604,39,0.00110509896421671,38,0.000950468588235051,40,0.000907423105621381,38,0.00101132405562388,41
"54",0.00426360965731854,50,0.00591417354736937,35,0.00597691925431289,31,0.00665747464764262,28,0.00451507377324272,32,0.00472425681956677,29,0.00291212080079372,32,0.00133784483437646,38,0.0014346077587079,37,0.0012753399391342,39,0.00199459998550337,38,0.00127199555139477,42,0.00100880669714671,43,0.000920965759613031,43,0.000850838557558515,44,0.000752106813677443,46,0.000810341079403033,41,0.000723092523180277,46,0.00100410105426621,42
"120",0.0133262013708442,25,0.00477203768498225,40,0.00301326235795052,44,0.00384646248116447,36,0.00374774424859075,36,0.00368610047975236,34,0.00214319239905386,35,0.0018517706610875,34,0.00193854535689719,33,0.00115341252194858,41,0.00175222973273106,41,0.00142361700377266,40,0.00128215968073329,39,0.00105936183930329,42,0.000997862166885281,41,0.000930215634982565,42,0.00096172340623491,39,0.000813390864670085,41,0.000940170085677461,43
"132",0.00668240928151637,38,0.00522892814636081,37,0.00506192762655213,34,0.00390220074478672,35,0.00179548830706774,48,0.00119291807130061,54,0.00073287020522836,55,0.000593337302633313,56,0.00072690613013409,46,0.000669339744581274,45,0.0011625594084067,46,0.00121885998730685,44,0.000893338418917516,45,0.000863000999914975,44,0.000828027034702518,45,0.000792675348873833,44,0.000732665206126881,45,0.000753166922733518,44,0.000924461566143876,44
"113",0.00077030945967205,105,0.000590609163891899,99,0.000629199707134389,86,0.000668515534089297,75,0.000885843250096791,67,0.00102407143290372,58,0.00111730423191466,45,0.000893569472447533,44,0.000838569993449309,45,0.000816079430610883,44,0.00129548992463719,44,0.000898535149677499,46,0.000953474606587264,44,0.000857391274696813,45,0.000870470306524732,43,0.00109893352750129,39,0.000705281178085859,46,0.000818499047349734,40,0.000833061021608582,45
"58",0.00251017570224265,66,0.00216275076814351,64,0.00216841668554477,54,0.00212727344930545,47,0.00172992784568323,49,0.00162334706722853,46,0.00101160594284983,50,0.000864960364983762,46,0.000951826687332288,43,0.000911150308048159,43,0.00135445360885635,43,0.00109301266697023,45,0.000879459238455484,46,0.000746512046970018,46,0.000794826172568454,46,0.000787638603686208,45,0.000794315542219626,42,0.000725214933225368,45,0.000806386773415042,46
"119",0.00642555303179652,40,0.00250601405060169,62,0.0017007177103644,62,0.00115428046367304,65,0.000992575223032608,61,0.00113008297359547,55,0.000577891357434631,63,0.000578905486517368,57,0.000483260104912823,59,0.00044924608099624,56,0.000816106619646767,50,0.000735768938969687,51,0.000665547430316202,49,0.000610743205402242,47,0.000562048898734251,49,0.000547433166894514,48,0.00051468816652983,48,0.000534809011134464,48,0.000669943641036414,47
"8",0.00970547550868303,28,0.00141529047668733,80,0.000739288292362427,82,0.000741573069977117,73,0.000868042727746617,68,0.00112893951614568,56,0.000625971505936606,61,0.000452727355272614,62,0.000482204212870628,60,0.000495529020886604,50,0.000891441518945861,49,0.000866248729309455,48,0.000719078581418772,47,0.000610365104001294,48,0.000776754301706766,47,0.000723918593141799,47,0.000684434076620173,47,0.000555781221368958,47,0.000632973814533289,48
"30",0.00343929735042415,53,0.00168772375193674,76,0.0011403253741634,72,0.00146286077214359,58,0.00144066970632391,51,0.00136742511983047,51,0.00109258407363475,47,0.000813342158337113,48,0.000552546499928219,54,0.000483323320270018,51,0.000791471612446448,51,0.000687453311438117,52,0.000608821076310786,52,0.000553113466041902,52,0.000451253051994434,52,0.000417526732659586,54,0.000387955749413279,51,0.00040551996395561,49,0.000572148832917751,49
"97",0.00200646340682748,77,0.00122470698335728,82,0.00125031913810254,67,0.00125119064354153,63,0.0012013456897539,56,0.00176532056861311,45,0.00139457946309738,41,0.00117699920604675,43,0.000849402060488313,44,0.000622657187787294,47,0.00107175468876369,47,0.000869789537289255,47,0.00061686184398903,51,0.000507248013773267,53,0.000431953761864861,54,0.000472453884796299,49,0.000455469986518867,49,0.000398787790530404,50,0.00049364806669771,50
"112",0.00333780650602714,55,0.00272085079234494,61,0.00256923958432867,49,0.00175521813081068,54,0.000897376707110539,65,0.000830025595371455,63,0.000646765776393526,59,0.00060304005946501,54,0.00049896353234908,57,0.000372496580145956,62,0.000772594957145019,52,0.000795739117913099,50,0.000677624691340904,48,0.000601189731893933,49,0.000431599783510944,55,0.000390214987566972,59,0.000328318939055708,55,0.000381499259104726,52,0.000466320477752152,51
"57",0.00323128120973154,57,0.00483466580912285,38,0.00332554401783709,41,0.00160363842170635,56,0.00136643806732504,52,0.00106537496206272,57,0.000772979737795291,54,0.000600017631155111,55,0.00063552821743428,49,0.000563555769468206,48,0.000936016043442446,48,0.000859286555814647,49,0.000662743512673384,50,0.000587070774708757,51,0.000562366866745205,48,0.000416328422060695,55,0.000321846229362646,56,0.000334772824794903,55,0.000422344952923731,52
"35",0.0025300154987658,65,0.00314104469024582,56,0.00251174971816621,50,0.00202541350921806,48,0.00228738331050868,39,0.00234705015820336,39,0.0010130733758757,49,0.000748715515937262,50,0.000596615497870122,51,0.000386935968350288,60,0.000578891537361701,62,0.000499510621089779,61,0.000496938094299241,56,0.000452049340847964,55,0.000410326803909181,57,0.000421099589545689,53,0.000330097426522867,54,0.000340908876892198,54,0.000418289334383978,53
"104",0.00308346207744663,59,0.00422183729769884,46,0.00413927361176174,40,0.00198889749618969,50,0.00134679244987266,53,0.00121986847618248,52,0.00115048111214445,44,0.000835011479561852,47,0.000603009652994188,50,0.000511374232655602,49,0.000703846939962329,55,0.000639770175959228,55,0.000586521001137879,53,0.000592979560598235,50,0.00055221185425802,50,0.000437960994255604,52,0.0004071808885809,50,0.000384539751759463,51,0.00041323476216057,54
"115",0.00598426209496317,43,0.00200129061203754,67,0.00176510411975589,61,0.00138394363338178,61,0.000685331119344293,71,0.000813820778162664,65,0.000560651109090714,64,0.000427825936393319,63,0.000386792328209718,62,0.000372769800233853,61,0.000609322551202345,59,0.000645732916985181,54,0.000525155169137865,54,0.000438278545918735,58,0.000441031785011565,53,0.000446538564971645,51,0.000376072203847484,52,0.000341400032375693,53,0.000410298013954697,55
"95",0.00652185298586656,39,0.00452498657882081,44,0.00229045714117095,51,0.00141468958546255,59,0.00184768513429972,45,0.00120345394577595,53,0.000908315330080682,51,0.000534068433477938,58,0.000573649568685658,53,0.000454060008818841,55,0.000754349314961175,53,0.000585495301341624,56,0.00048385184937296,57,0.000445665675780366,56,0.000429668455102347,56,0.000415396599535561,56,0.000319403502344456,58,0.00030168750532057,58,0.000400554933880218,56
"34",0.00697936475421474,36,0.00278017681428534,60,0.00184029393963257,58,0.00177142241075439,53,0.00181551935354034,47,0.00149076908052622,49,0.000869698794455583,53,0.000790139127446398,49,0.000685979575389543,48,0.000454590488920204,54,0.000620992971739144,57,0.000685176947137458,53,0.000520643230404088,55,0.000491885174525921,54,0.00049111986111108,51,0.000448251068017455,50,0.000341168860932773,53,0.000315395255979919,57,0.000382292272551875,57
"86",0.0160340482901176,21,0.00447905936646731,45,0.00285383620821781,45,0.00185250213843281,52,0.00119985376140012,58,0.00142197484340294,50,0.000890634817300849,52,0.000603100828326219,53,0.000514371311604843,55,0.0004612411894195,53,0.000614636242336675,58,0.000550772294495031,59,0.00041117119110782,60,0.000439943181348013,57,0.000373760897824982,60,0.0003991417769999,57,0.000320753438409937,57,0.000321590425783293,56,0.000378620441058662,58
"79",0.0026483166393773,64,0.00177881685117955,74,0.000807865900177747,81,0.00066739680260592,76,0.000470196606679379,79,0.000415613892003356,79,0.000236618836561099,82,0.000210209939733576,81,0.000215720088116387,77,0.000214905789354241,72,0.000345735372502219,69,0.000406724949980848,65,0.000375733459897029,63,0.000413006335266408,60,0.000331558612246501,61,0.000331601010658781,61,0.000301753927198765,60,0.000286162394255565,59,0.000320738224526325,59
"141",0.00343752997638052,54,0.00194849534990635,69,0.00164213201761024,63,0.00171612560456314,55,0.00182610291699459,46,0.00193505654017049,41,0.00111580499599668,46,0.000648093505800756,52,0.000495821081444912,58,0.00043245420176934,57,0.000601109347637256,60,0.00057556670661867,57,0.000382836923503891,61,0.000341831836430941,62,0.000285428167030213,64,0.000262003014100603,63,0.0002669369470999,62,0.000246290348074734,60,0.000316094670697365,60
"23",0.00209331893760614,72,0.00194564485136859,70,0.00162596203486575,64,0.00120774232288047,64,0.00105155737843904,59,0.000809493023337316,66,0.000552666768970317,65,0.000456097378746426,60,0.000500102233423889,56,0.000466115085894985,52,0.000728784929911794,54,0.000558227323511544,58,0.000446855324010399,58,0.000422802291898339,59,0.00040259036047756,59,0.0003902938745845,58,0.000264110778862497,63,0.000227533514721882,62,0.000290417198433627,61
"21",0.00281844937110682,62,0.0028441477055318,58,0.00208642739162967,55,0.00153706862610011,57,0.00120007297089733,57,0.000843316642006787,62,0.000717081927580894,57,0.00068372639463538,51,0.000585659564968692,52,0.000398128775345963,59,0.000579620933288999,61,0.000543076735713725,60,0.000368053598631625,64,0.000296341441117173,64,0.000329499544256522,62,0.000293727779942804,62,0.000286906174104914,61,0.000226313350076315,63,0.000264564558992135,62
"5",0.00186152869108871,79,0.00200387220419046,66,0.00189457157567539,57,0.00131125542802678,62,0.00126668136769449,54,0.00185336004713585,43,0.000717360001861678,56,0.000453858778199869,61,0.000380963387770334,63,0.00027904615348646,66,0.000340972183358418,70,0.000357839502489058,67,0.000274169570856628,66,0.000272478674044967,65,0.000254746397234958,66,0.000226677191738173,66,0.000214092275572102,64,0.000211304278145891,64,0.000252271777476068,63
"91",0.00210710682167608,71,0.00178021894730969,73,0.00117137957391524,70,0.000469424063063491,86,0.000518199411103749,78,0.000484133746604501,77,0.000296824769852914,77,0.000218531784514846,79,0.000280548841686271,73,0.000253994264860711,69,0.000376451179777039,66,0.000368868121875941,66,0.000299342659127049,65,0.000270590293797149,66,0.00028466555989469,65,0.000240189856868381,65,0.00020765441947293,66,0.000177969288763873,66,0.000236615037480828,64
"151",0.00139010300168294,91,0.00147057647062295,79,0.000881665416988023,80,0.000966327385403113,68,0.000956058099324471,62,0.000746632531983162,67,0.000364980326138754,72,0.000298747100880299,70,0.00028455203959396,72,0.000244166980224432,70,0.000389530628926551,65,0.000436261168036817,63,0.000376493194254501,62,0.000315978125287541,63,0.000309131285159388,63,0.000252455858944365,64,0.000211489557988873,65,0.000193017931971984,65,0.000216000930485818,65
"118",0.00328759706847707,56,0.00318980579145398,55,0.0028318213921436,46,0.00243782930560295,43,0.000928196094899098,64,0.00094719876947602,60,0.000390264681642788,71,0.000351754019200462,67,0.000367476822268332,64,0.00041565128054603,58,0.00064528292054066,56,0.000470763588363213,62,0.00041663822777024,59,0.000386038372701795,61,0.000407824851384947,58,0.000336511559204441,60,0.000309116468642408,59,0.000245598315795102,61,0.000207496945647379,66
"102",0.00315295480896434,58,0.00309024091332243,57,0.00108103857747101,73,0.000546809875785501,82,0.000411047109198689,85,0.000333148463293731,85,0.000161156124727014,88,0.000166544117335907,83,0.000190752921731046,80,0.00017153221279739,76,0.000289166056357198,75,0.000258032121073324,72,0.000184025033677312,73,0.000160979825465967,70,0.000137628171875606,71,0.000143959475975693,68,0.000137809593087119,69,0.000140713126563899,68,0.000194725726142169,67
"27",0.00201435102237861,76,0.00283432800796982,59,0.00181770834888391,60,0.00103436925367843,67,0.000606638033330172,74,0.000640485741452196,71,0.000359030469423395,73,0.000305662374402954,69,0.000324236562176518,68,0.000282385760776098,65,0.000334219747668529,71,0.000307275019171384,68,0.000248822472673613,67,0.000211157583255945,67,0.000181938914517865,67,0.000159207128391626,67,0.000164003781477732,67,0.000152769431095332,67,0.000185601937113298,68
"29",0.00203812126188292,75,0.000856223825714648,88,0.000704097508092243,84,0.000548047167134185,81,0.000422207380575552,84,0.000551750248849381,74,0.000325778664925688,75,0.000287068236879868,72,0.000346615858588933,66,0.000320308181856538,63,0.000323490212473932,72,0.000244352424968874,74,0.000211439484177589,70,0.000151170448686217,74,0.00013551297275776,72,0.000118593930036877,76,0.000125586784940693,73,0.000133799138699696,69,0.000169480240261143,69
"101",0.00282471363726989,61,0.00211776330495217,65,0.000887589810826423,78,0.000667166215403487,77,0.000532074742790517,77,0.000557248653681167,73,0.000273164071180179,79,0.000235049299559008,77,0.00016061867400565,82,0.000163737922347097,77,0.000306223789615022,73,0.000223481028948764,76,0.000176918332515057,75,0.000156681296199454,73,0.000132934279506571,73,0.000143760416088566,69,0.000125682849300448,72,0.000132201389005475,70,0.000160246301922077,70
"6",0.0052077957741442,45,0.00552258086946538,36,0.00274730153844929,47,0.0022980270829341,45,0.0018484377670085,44,0.000890449912530965,61,0.000661214370932467,58,0.000502238141375664,59,0.000350620140498813,65,0.000256248299090591,68,0.000290359167897541,74,0.000290196333871243,69,0.00024241555262285,68,0.000168174063500676,69,0.00014461739330891,69,0.000133299072061033,73,0.000123701820088208,74,0.000114611873190623,72,0.000147503347253282,71
"74",0.00174080499459528,83,0.00152021644912555,78,0.00102725961931366,75,0.000722241427427246,74,0.000731988458282691,69,0.000661797867450243,70,0.000456720742918527,67,0.00040227068436533,64,0.000399936403131337,61,0.00029466762566174,64,0.000347469498292175,68,0.000246479260926402,73,0.00016549118098567,77,0.000134983807108402,77,0.000122676683389686,76,0.000120378447155232,75,0.000118905667679363,75,0.000113837309939968,73,0.000134381110011159,72
"81",0.0147661138871023,22,0.00375747212628954,49,0.00443532922390448,38,0.00186394327706304,51,0.00189415916408391,43,0.000981030864227175,59,0.000580152073586101,62,0.000230516077750697,78,0.000257506235982368,74,0.000150020362664299,79,0.00018373392948205,82,0.000133624557714651,90,0.000122409399666396,86,0.000131874651218497,78,0.000115348019683681,78,0.00013372174936963,72,0.000140156165651441,68,0.00012474458699116,71,0.00012893223296461,73
"63",0.00241583632432702,67,0.00319998997547272,54,0.00181869716890517,59,0.000816945062728043,71,0.00064756648995496,73,0.000614182607290019,72,0.000461462055954337,66,0.000391221207747369,66,0.000305190794336986,69,0.000240900561812491,71,0.000419429795958647,63,0.000428226060403405,64,0.000180691397181305,74,0.000160710770738804,71,0.000141290116927279,70,0.000134748018200243,71,0.000128257103445015,70,0.000103772285773464,74,0.000126984983562242,74
"12",0.00158976041672248,87,0.00325697235644041,52,0.00228143518828964,53,0.00200944736005442,49,0.00102478968996176,60,0.000703908935226383,69,0.000422267175191374,69,0.000270229515267539,76,0.000211569362985997,78,0.000153394707158188,78,0.000231051290094475,79,0.000186171412189355,79,0.000136237142558539,81,0.000116671723613183,81,9.43414341138168e-05,88,9.52372677539765e-05,81,8.70824606302611e-05,82,9.72538272652224e-05,77,0.000124610844639619,75
"100",0.00154507306759389,88,0.00235349480505869,63,0.000976313891013743,76,0.00040772811431347,90,0.000346859216003202,87,0.00037047580967978,82,0.000270619881115106,80,0.000277181850186564,73,0.000295324779814067,71,0.000181233229597425,73,0.000348984332274744,67,0.000263913217113439,71,0.000215274053678065,69,0.000171364868812366,68,0.000150508826499316,68,0.000142785581710229,70,0.000126000188646549,71,0.000100390212655625,75,0.000120207548705623,76
"67",0.00473247313188504,47,0.00130294285187398,81,0.000548841138508199,93,0.00036932816258053,92,0.00022356103396996,98,0.000180469383651859,102,0.000143150796563668,91,0.000142818944450291,85,0.000129480761501667,88,0.000107795654466634,88,0.00017230325239196,85,0.000147512265469301,87,0.000123699133927755,84,0.000103129041375136,85,0.000105155929530766,81,8.41583855984422e-05,90,7.33184183027011e-05,88,8.55411901840708e-05,82,0.000113292739140412,77
"71",0.000602506109176605,115,0.000293248786753985,120,0.000278668196486708,106,0.000215238240392244,103,0.000266070421751392,91,0.000311548924542687,86,0.000336919628281797,74,0.000214432996750131,80,0.000196810802352475,79,0.000110562228884669,87,0.000171709177703443,87,0.000181435610862324,80,9.82600455991215e-05,93,9.24654746338536e-05,89,8.00751834396845e-05,91,9.38340402812229e-05,82,9.2933353454654e-05,80,9.72615805307332e-05,76,0.000113091023260711,78
"41",0.000846650600305101,101,0.00072301728387183,92,0.000538407449667514,94,0.000420427580750949,89,0.000466971478994122,80,0.000409727434935937,80,0.000288101859603913,78,0.000289905567116131,71,0.000227766008633552,76,0.000146177448499891,80,0.000234825941612822,78,0.000201035951442976,78,0.000138966255063915,80,0.000113130053530828,82,0.000100487053470507,86,9.55313848469091e-05,80,9.76838935114638e-05,77,8.78963147925462e-05,80,0.000108737448875894,79
"140",0.00133295336176369,93,0.000573341521037431,100,0.000406290847018378,101,0.000528848935478528,84,0.000457727137675789,81,0.000354344311580105,84,0.000224710789811514,84,0.000117067429604415,90,0.000154212269607562,83,0.000122342882371521,83,0.000205349443079627,81,0.000210591309001398,77,0.000157064673951863,78,0.000144356329594479,76,0.0001201577862405,77,0.000129721081191247,74,9.73558438359775e-05,78,9.67187788118666e-05,78,0.000101623275869209,80
"89",0.00274132070958482,63,0.000727338685625192,91,0.00044637513613641,98,0.00044004303885322,88,0.000382290022494806,86,0.000272507904690483,89,0.000223387246156195,85,0.000135787337623334,86,0.000113376976341323,91,9.96744872723417e-05,89,0.000143541896334924,93,0.000113698266167391,97,0.000106429820329494,88,0.000100832908203392,88,0.000102077766500705,84,0.000106273700714342,77,9.52928427469708e-05,79,8.95056825746391e-05,79,9.59224504712461e-05,81
"1",0.00213711632478462,70,0.00121275340679391,83,0.00115658201633574,71,0.000602018940364516,80,0.000584972881840616,75,0.000473387291459659,78,0.000305141248911663,76,0.000276320116244417,74,0.000229363226797435,75,0.000172734257580326,75,0.000252421568010038,76,0.000233612362179666,75,0.000185019028754211,72,0.000158833443042227,72,0.000125445545138553,74,0.000105913911492366,78,8.66173967995908e-05,83,8.16664296506796e-05,83,9.05561938092617e-05,82
"28",0.00217616182640428,69,0.00362026497768588,50,0.00122181812211683,68,0.000963454389528007,69,0.000670150038014341,72,0.000484532724444142,76,0.000248714617164062,81,0.000175074402789205,82,0.000160901323505322,81,0.000118411818650685,86,0.000171804596893082,86,0.000163673709014982,85,0.000128337273214327,82,0.000100886949854827,87,0.0001029890229959,83,9.33404635969163e-05,84,8.88146941479124e-05,81,8.01762235598726e-05,84,8.93800060046836e-05,83
"135",0.000478333105121997,119,0.000614326577468871,96,0.000566104378251273,90,0.000447094724006365,87,0.000293536329745472,88,0.0002426582558526,90,0.000138753782881142,92,0.000107258180448183,93,0.00012267785507719,89,8.33155074642846e-05,94,0.000156472175262461,90,0.0001795258139265,81,0.000154052154338394,79,0.000128113493947578,79,0.0001142853102468,79,0.000103092095283445,79,0.000101154050587536,76,8.73853478795831e-05,81,8.32692933559506e-05,84
"134",0.00180848345348373,80,0.000690013827878326,93,0.000560900525427828,92,0.000305750775766985,97,0.000258528768245151,93,0.000213712092831188,95,0.000128428377975233,95,0.000120236607483795,88,9.77380314668174e-05,92,7.79619244888724e-05,96,0.000149448843418362,92,0.000133511282355539,91,0.000103800510900746,91,0.000101975008087007,86,8.57222488174155e-05,89,8.43904518974492e-05,89,7.48102131202437e-05,86,6.86803941216573e-05,85,8.29860233804097e-05,85
"36",0.00307855267806816,60,0.00323841512339142,53,0.00135805232165608,65,0.00111417789472306,66,0.00089097598370531,66,0.000728642688088278,68,0.000626797511951996,60,0.000397560443029399,65,0.000331928619526723,67,0.000261865947179363,67,0.000415162941540631,64,0.000269991109559376,70,0.000204249324837819,71,0.000144902700219122,75,0.000124433729002583,75,9.33739333944456e-05,83,7.66827149960415e-05,85,5.98914596159911e-05,92,8.12951066655525e-05,86
"73",0.000621171715179915,113,0.000652724565485863,94,0.000529733734685291,95,0.000249756422037882,102,0.000250216966163417,94,0.000281118613848153,87,0.000219268869249299,86,0.00015135679266099,84,0.00013147787733959,87,0.000124286615826396,82,0.000161418276375847,89,0.00016257146855434,86,0.000127330300428452,83,0.000104220176181393,84,0.000104045145526412,82,8.91843283027558e-05,86,7.76703947405222e-05,84,6.67864421350261e-05,88,7.93934237082426e-05,87
"144",0.00116972147775311,95,0.00102190997693739,85,0.00104095537347318,74,0.000806944695260425,72,0.00057474488429493,76,0.000400274795288743,81,0.000235627438815282,83,0.000135285241654383,87,0.000146207733621992,85,0.000133773347420513,81,0.000181819402002232,83,0.000169553866458694,83,0.000122007339466104,87,0.000107298442502588,83,0.00010560237810579,80,8.51114062860694e-05,88,6.67340712773289e-05,91,6.84599938225698e-05,86,7.85647906924835e-05,88
"137",0.00177340951029195,81,0.000613949461885903,97,0.000408054051002377,100,0.000285019287825762,100,0.000244059648937211,95,0.000202520354436715,97,0.000156116649779619,89,0.000111471779926237,92,0.000120562278280109,90,0.000120800712039449,85,0.000207407383178935,80,0.000169433201225096,84,0.000122838620987582,85,0.000117947748352698,80,0.00010195878064793,85,8.74567664498112e-05,87,7.37657842054046e-05,87,6.81905968041118e-05,87,7.45227540514694e-05,89
"24",0.000673169011546427,112,0.000415159686813038,112,0.000303225053819658,104,0.00019673633144332,105,0.000219739023515408,99,0.000187192106380583,100,0.000101707738479759,103,0.000107221574084396,94,8.82789057157155e-05,95,8.41179816371992e-05,92,0.00012608477886579,96,0.000113979758339428,96,0.000105474112143684,90,8.33997307614328e-05,92,8.07226738211504e-05,90,7.55949136892914e-05,93,5.85835261683812e-05,94,5.88419563958386e-05,93,7.3928989902694e-05,90
"114",0.0022034448864137,68,0.000616422766159896,95,0.000357144414142876,103,0.000205963985200015,104,0.000188324419968977,105,0.000145850900531767,105,8.72797801272124e-05,106,8.06685505992371e-05,102,6.39996076686803e-05,105,6.40323433583121e-05,97,0.000105938465571687,97,0.000119237720679552,94,9.266022714666e-05,96,9.07554009944538e-05,90,7.16362416697983e-05,94,8.32007625642248e-05,91,6.85883390465967e-05,89,6.3672245190082e-05,91,7.07235262174313e-05,91
"84",0.000944208543534379,98,0.000511503065162051,102,0.000598837381908859,87,0.000631691776009122,79,0.000422260881235839,83,0.000360527403717761,83,0.000199606547172931,87,0.000117346675752778,89,7.73137936684122e-05,98,8.72540948640909e-05,91,0.000126852763367737,95,0.000120177669003327,93,9.56487638959186e-05,94,8.4484995652061e-05,91,7.81102068416809e-05,93,9.20358636552432e-05,85,6.62610325549413e-05,93,6.41606854843498e-05,90,7.05285717033912e-05,92
"59",0.00466090157495183,48,0.00453893751340164,42,0.00132939838459502,66,0.000864915349708205,70,0.000697230072429648,70,0.000829005193028295,64,0.000453825867177575,68,0.000329371245100015,68,0.000300099239240837,70,0.00018043207349957,74,0.000235164514147602,77,0.000143864967049626,89,0.000100717533343484,92,7.97333788915645e-05,94,7.83882035124902e-05,92,7.8665270637425e-05,92,6.67777810909176e-05,90,6.50575116688266e-05,89,7.02543995088174e-05,93
"82",0.00134492035454151,92,0.00108996845865278,84,0.000422934175764935,99,0.000361775354647832,93,0.000219285799733836,100,0.000206940576411704,96,0.000102972239607636,102,0.00010157339593322,97,9.74868104161414e-05,93,8.40529130673956e-05,93,0.000172792855317113,84,0.000146655738852261,88,0.000105567653667203,89,7.29699842627796e-05,95,6.49121314689946e-05,95,6.02150611370066e-05,95,6.66408754757023e-05,92,5.17797446498616e-05,94,6.6230608498967e-05,94
"62",0.00164754273413896,86,0.00181577751892467,72,0.000916807883383088,77,0.00053977974727453,83,0.00042818835355479,82,0.000276179376890017,88,0.000148334905110595,90,0.000115395294163823,91,9.5025107652216e-05,94,7.87438391227132e-05,95,0.000139175806627588,94,9.91177799976492e-05,98,6.88612720627484e-05,99,6.40063167494662e-05,97,5.06169445838477e-05,97,4.87963021530139e-05,97,4.23239807444038e-05,98,4.76010940685881e-05,95,6.07893472273873e-05,95
"15",0.00165956001247513,85,0.000503032812787246,104,0.000292048604096516,105,0.000196263629817792,106,0.000129751478937878,108,0.000234961095451213,91,0.000136070375369731,93,0.000103118957105237,96,0.000137694337983515,86,0.000121314698230013,84,0.000171590849895044,88,0.000176962452656813,82,0.000167015656510157,76,8.18435493277771e-05,93,9.50512273164206e-05,87,6.4365289489424e-05,94,3.83909444931253e-05,101,4.45880931855244e-05,96,5.23515239494921e-05,96
"121",0.0014387496646599,90,0.000400882730128077,114,0.000450264342300021,97,0.000254056170844315,101,0.000215976985416292,101,0.000227047224674428,93,0.000103319009647367,101,8.39778801735726e-05,101,8.18542709191154e-05,96,6.25847684861133e-05,98,0.000104371268202341,98,9.00142599951466e-05,99,7.94199400089839e-05,97,6.18383156046673e-05,98,5.15576858217952e-05,96,5.00225199417065e-05,96,4.27969334447649e-05,97,4.33662252055681e-05,97,5.08120628862261e-05,97
"55",0.00167390863547006,84,0.0015391568164935,77,0.000680293418325812,85,0.000654806971078531,78,0.000279689584419014,89,0.000214664655950588,94,0.000134156140901065,94,0.000106997084625194,95,7.79020647971468e-05,97,6.13970811833395e-05,99,7.99266812397647e-05,104,6.13499172533357e-05,106,5.17778329953015e-05,105,4.88643993848513e-05,104,4.37913071227901e-05,102,4.27120447471357e-05,101,4.34711761467169e-05,96,4.23639998456654e-05,98,4.88343125183882e-05,98
"11",0.000499208674743601,118,0.000423665747735846,111,0.000209841721653953,113,0.000121911519968765,114,0.000129853390321116,107,9.61198832292916e-05,110,4.83713593695132e-05,111,5.16849543674113e-05,108,4.92116201233411e-05,106,4.26385583460803e-05,106,8.44004796819559e-05,103,7.16348889431673e-05,103,6.19957457071727e-05,101,5.16934945981435e-05,101,4.32176466142511e-05,103,4.84949538866655e-05,98,4.04982881941117e-05,99,3.92764197358859e-05,100,4.67719158461221e-05,99
"17",0.00199595462974036,78,0.00199881443899219,68,0.00228224799572822,52,0.00218308985862251,46,0.0009340854469499,63,0.000515441317879528,75,0.000403809050778865,70,0.000272833901569683,75,0.000147071525230555,84,9.70052016213596e-05,90,0.000152173626015175,91,0.000132936975493092,92,9.39882361192283e-05,95,5.82607846913724e-05,100,4.91841031145228e-05,99,4.2534314348761e-05,102,4.72417550208616e-05,95,4.07358906069049e-05,99,4.39392942341638e-05,100
"32",0.000537064098629327,116,0.000478830534126035,110,0.000486546557649086,96,0.0003026137929719,98,0.000263619670496703,92,0.000184385447400001,101,9.84149571572162e-05,104,7.47411446579172e-05,103,6.74429517903415e-05,104,5.83618794890347e-05,102,9.97650903013316e-05,100,7.92928838175954e-05,102,6.25622367388727e-05,100,4.92110980626553e-05,102,3.78956673372958e-05,105,4.37219131676943e-05,100,3.86247564467382e-05,100,3.69868583299513e-05,101,4.31217884731683e-05,101
"149",0.00132956944881841,94,0.000490528165619039,107,0.000591091941680315,88,0.000392048558044262,91,0.000240878982492112,96,0.000188369085963206,99,0.000104800049481199,100,9.22421725416649e-05,98,7.61212795546883e-05,99,5.01299234155861e-05,104,7.31612634386653e-05,105,8.16532776521702e-05,100,5.77161269915306e-05,103,5.9382617667005e-05,99,4.4232322180552e-05,101,3.91908377529636e-05,104,3.68171852182522e-05,102,3.24370572784574e-05,102,3.70264638358252e-05,102
"50",0.000306318118818246,128,0.000767214164493839,90,0.000718468880395346,83,0.000292860281092501,99,0.000183540779181636,106,0.000147559440746442,104,9.44123677616426e-05,105,6.97156819577903e-05,105,6.89029734896873e-05,103,5.9052856636312e-05,101,8.6948390164194e-05,102,7.04335756469763e-05,104,5.88763293297334e-05,102,4.90110670620125e-05,103,4.86747036086587e-05,100,4.24353140988612e-05,103,3.50366344881769e-05,103,3.17870177981526e-05,103,3.44464659694031e-05,103
"10",0.00146733082833631,89,0.00174918782309814,75,0.000884054742556648,79,0.000494768627478336,85,0.000196025593614535,103,0.000128612513798784,106,0.000112692173455551,98,4.21079345959917e-05,111,4.23516425553562e-05,108,3.22095842298433e-05,108,4.48972862164328e-05,108,3.61294762205488e-05,109,3.47754638186347e-05,107,2.6335875802001e-05,108,2.28396066745092e-05,107,2.58953924998803e-05,107,2.61770789714573e-05,106,2.39322805652919e-05,106,3.27136594796665e-05,104
"109",0.000984652077285856,97,0.000785299874218876,89,0.000265363466987313,108,0.000131190692260821,113,0.000198988460667318,102,0.000174183256224502,103,0.00012503076212912,96,8.52537412180604e-05,100,6.96245143010045e-05,102,6.00245333125911e-05,100,9.35174650543477e-05,101,7.97744360596852e-05,101,5.58741624902444e-05,104,4.26630301872718e-05,106,3.86901077102266e-05,104,3.65536783840279e-05,105,3.46263743215192e-05,104,2.8887217012389e-05,104,3.16336378477773e-05,105
"122",0.000817655289580833,104,0.000492762072502013,106,0.000404889042377921,102,0.000332522032448895,94,0.000228300446874248,97,0.000192404844225862,98,0.000120488331741008,97,8.92492657287229e-05,99,7.33976973311334e-05,101,5.53424467851641e-05,103,0.000102031303165753,99,0.000116309300856158,95,7.86089347424256e-05,98,6.64473191165234e-05,96,5.01338674891324e-05,98,4.66338189265874e-05,99,3.17950588774261e-05,105,2.68900517479239e-05,105,3.13002041668961e-05,106
"142",0.000252329262700522,131,0.000490329150374049,108,0.00056385603329941,91,0.000320270962605339,96,0.000266752728644498,90,0.000230670930217134,92,0.000111302583262201,99,5.59265042348257e-05,107,4.14499151656102e-05,109,4.29210852659641e-05,105,6.08900904280056e-05,106,6.35076670357643e-05,105,5.02859459682297e-05,106,4.40185469936878e-05,105,3.54470741605764e-05,106,2.96364906086715e-05,106,2.43798108929002e-05,107,2.15223708350594e-05,107,2.46907088203482e-05,107
"106",0.000535040382330299,117,0.000164715045977734,127,0.000193521000256244,114,8.88256148229444e-05,118,9.67414721207721e-05,115,8.06313737974959e-05,112,4.48337211393545e-05,114,5.6925058690144e-05,106,4.71672101285877e-05,107,2.86696547359663e-05,112,4.09741975278936e-05,111,4.5670545729518e-05,107,2.96835665260838e-05,108,2.59830398779859e-05,109,2.07399958604259e-05,110,1.96873202712052e-05,110,1.97733808537543e-05,108,1.98089581655769e-05,108,2.33054285662403e-05,108
"65",0.000709610225001402,109,0.000881090222519983,87,0.000261677288182972,109,0.000176977434007456,107,0.000123943998087632,109,0.000105192556465014,108,4.99408614809718e-05,109,4.40699893084896e-05,109,3.4752372197877e-05,111,2.88380180522244e-05,110,4.10482156493432e-05,110,3.45137205062275e-05,110,2.44237245796099e-05,112,2.20194936499411e-05,110,1.88978234101216e-05,111,1.61739194831083e-05,112,1.52520971237613e-05,112,1.35657916159857e-05,112,1.88334672011739e-05,109
"92",0.000710053709309045,108,0.00101523420840333,86,0.000583346697659079,89,0.000326464985202224,95,0.000194609245560289,104,0.000117421046976684,107,5.75394644456648e-05,107,3.96931413477961e-05,112,3.80910297064924e-05,110,2.90308278715573e-05,109,4.32891297984178e-05,109,3.41626849829256e-05,111,2.72663896054925e-05,110,1.77348395563624e-05,112,1.58442271132501e-05,112,1.83158945501607e-05,111,1.80055267642532e-05,109,1.64899818344648e-05,109,1.77650866048377e-05,110
"46",0.000398456358303133,122,0.000159061733280201,128,0.000127391363108968,124,7.4591942760316e-05,123,4.63710925832531e-05,124,3.56127426123908e-05,123,1.9140695836093e-05,124,2.49591667714239e-05,118,2.6726208263725e-05,113,2.09073069334192e-05,113,3.08820119736543e-05,113,2.69932790345832e-05,112,2.55029813049689e-05,111,2.6437191976014e-05,107,2.23241231968914e-05,108,1.99029814578632e-05,109,1.68234650354268e-05,110,1.50289789850666e-05,110,1.62749670195709e-05,111
"138",0.000872324725753201,100,0.000494213320918937,105,0.000145481438410909,120,0.000120343047585134,115,9.53598921655144e-05,116,8.0578139964152e-05,113,5.33311332237932e-05,108,7.24765556111778e-05,104,7.58939984071294e-05,100,4.24651835212887e-05,107,4.94631038996505e-05,107,4.12704986223949e-05,108,2.77713877824404e-05,109,2.07357478158932e-05,111,2.20930566608182e-05,109,2.00528927767033e-05,108,1.61234968167154e-05,111,1.40301078751054e-05,111,1.51815487898035e-05,112
"90",0.000615902383903283,114,0.000548178369119203,101,0.000218449495456392,112,0.000146861212198853,111,0.000106944052984497,112,7.60879344080955e-05,114,4.54318343742274e-05,112,4.21319302084909e-05,110,3.18815871316114e-05,112,2.876980447983e-05,111,3.9957647758898e-05,112,2.49633652115236e-05,113,1.9535495721434e-05,113,1.52025616300555e-05,113,1.22610821403531e-05,114,1.48507591235786e-05,113,1.33210608826541e-05,113,1.11496150818392e-05,113,1.29149715182342e-05,113
"124",0.000246909748960677,132,7.14726804334199e-05,141,8.89462775338883e-05,127,4.10163662334308e-05,130,2.46931977253762e-05,132,1.94236217510055e-05,131,1.02804067999009e-05,130,1.9139186494166e-05,122,1.84803543557112e-05,119,1.36481469512786e-05,118,2.22762724712291e-05,115,2.08351914025428e-05,115,1.5040970777411e-05,116,1.3846558112588e-05,114,1.40142572970133e-05,113,1.25090283544761e-05,115,1.28671981198533e-05,114,1.10620707151189e-05,114,1.25462307298562e-05,114
"13",0.000229968500882587,134,7.79409357814019e-05,137,6.53290276656448e-05,131,6.28895869170944e-05,125,5.12909800263735e-05,122,3.94238533784788e-05,122,2.22419019870803e-05,121,2.02180696348905e-05,120,1.36759604480208e-05,125,1.29015979232963e-05,120,1.72337184958168e-05,122,1.45001511528568e-05,121,1.09250184674756e-05,121,7.89152673409449e-06,122,7.31634989904459e-06,121,6.25807691567598e-06,124,7.75082519600082e-06,121,7.71713868037407e-06,119,1.15004849458508e-05,115
"99",0.00105482961168055,96,0.000480289986571843,109,0.000270794235838474,107,0.000162597335909007,109,0.000110824628728116,111,0.000104060558182424,109,4.0965261732021e-05,116,2.66118370762974e-05,115,2.36602797443358e-05,115,1.75814874138557e-05,115,2.18801903728943e-05,116,1.9515696159057e-05,118,1.46026599521168e-05,118,1.26937753234665e-05,117,9.82318065233936e-06,118,9.66336678713002e-06,117,1.13205628168092e-05,115,1.0320962323128e-05,115,1.1310212275604e-05,116
"117",0.000765763561832435,106,0.000394316020599057,115,0.000144561348321045,121,6.25737973533068e-05,126,0.000106152940354475,113,5.66961910270394e-05,116,4.8665501477529e-05,110,3.15246017634146e-05,114,2.34564092770709e-05,116,1.89101118750331e-05,114,1.93390969907008e-05,120,2.01923359143608e-05,116,1.50261561161693e-05,117,9.17426058103337e-06,120,1.04715663337838e-05,116,1.12468920144863e-05,116,9.84382643124626e-06,116,9.99458629426582e-06,116,1.12080528233298e-05,117
"4",0.000185664966072835,140,8.43033707961401e-05,135,7.72098209012044e-05,130,7.7896626208936e-05,121,6.52879985053121e-05,120,5.09263483931331e-05,120,4.50788437175101e-05,113,3.30028602074851e-05,113,2.62885077301692e-05,114,1.7387822451179e-05,116,2.31468835809426e-05,114,2.24825264414457e-05,114,1.65311395001384e-05,114,1.28841688407336e-05,116,1.03565832171789e-05,117,8.85028831962675e-06,118,7.93428996806077e-06,120,8.47519472257845e-06,117,9.67047572096589e-06,118
"7",0.000467324188976141,120,0.000232802343736121,123,0.000155719886220127,118,0.00011613012654968,116,7.15528832848918e-05,119,4.44114579779502e-05,121,2.26759892043247e-05,120,1.54173486384132e-05,126,1.44329751617695e-05,123,9.73095183454731e-06,125,1.97004074605446e-05,119,1.74787176481632e-05,119,1.35840270824589e-05,119,1.16004349061551e-05,118,8.01282473843708e-06,120,7.53863278880208e-06,119,8.8831500312731e-06,118,7.89085773203631e-06,118,8.77289051911033e-06,119
"14",0.000699785558197346,111,0.000408600450043836,113,0.000246376543208215,110,0.000176555454870859,108,0.000118195706613243,110,5.16522415449559e-05,119,2.68575730549692e-05,119,1.77398523701246e-05,125,1.07745901076502e-05,126,7.80518631421415e-06,128,1.18566961841622e-05,126,1.14224486297218e-05,125,8.19191166729519e-06,125,8.34173594630116e-06,121,6.70340852284202e-06,124,6.45757405838717e-06,122,8.4473516324826e-06,119,6.7156141055904e-06,122,8.48906079210536e-06,120
"45",0.000246348002057942,133,7.51872757865722e-05,139,4.85883795077411e-05,133,2.76485152869275e-05,134,5.32025848884965e-05,121,5.30497861243763e-05,118,3.05670400973341e-05,117,1.82972455900201e-05,123,1.7057255153929e-05,120,1.36286358454903e-05,119,2.1748450537108e-05,117,1.99246701605465e-05,117,1.51664864630767e-05,115,1.3084865535814e-05,115,1.05932469675944e-05,115,1.28691742913594e-05,114,9.48537500388016e-06,117,7.63042140171977e-06,120,8.16348646255583e-06,121
"123",0.000934718315191204,99,0.000609950452641192,98,0.000237785473140107,111,0.000161262882442326,110,9.1074029227199e-05,117,5.3058284718485e-05,117,2.16586965355791e-05,122,2.60242802546125e-05,117,2.34376826372546e-05,117,1.40386009023963e-05,117,1.91467998502871e-05,121,1.21915408584024e-05,123,9.3018038107198e-06,122,6.93906054574369e-06,125,6.77010354950429e-06,123,6.98683983717101e-06,121,7.6974657711264e-06,122,6.96684543760283e-06,121,7.42209774407704e-06,122
"131",0.000335456167156758,127,0.000289515425265238,121,0.000143687971208928,122,0.000105205993409323,117,7.66357921172881e-05,118,6.59769130861816e-05,115,3.04793983812945e-05,118,2.04702203145459e-05,119,1.57117275236119e-05,121,1.2659373710196e-05,121,2.05425045062026e-05,118,1.68492606704824e-05,120,1.21834380473146e-05,120,1.00505640929752e-05,119,8.02580400676701e-06,119,7.46309951936299e-06,120,6.89910085909476e-06,123,6.55425338264137e-06,123,6.3088714937049e-06,123
"136",7.73960449126314e-05,151,4.48152914882295e-05,148,1.41591453569971e-05,148,8.39268848662615e-06,147,1.87226237069521e-05,135,2.87069102898104e-05,127,1.5852810842922e-05,126,1.18974595858428e-05,128,1.00425526261653e-05,128,1.06798272501775e-05,124,1.47148276579638e-05,125,9.89297860307707e-06,126,6.30495547238193e-06,127,7.23091511501659e-06,124,7.12104431646363e-06,122,6.3484882281382e-06,123,5.1783809193429e-06,124,4.59509384800919e-06,124,4.98062959668435e-06,124
"31",0.00176696594320176,82,0.000510644460050956,103,0.000168906621983525,117,8.14831642481906e-05,119,3.72672162179897e-05,127,2.81052935231173e-05,128,1.72726646590481e-05,125,1.81141153525295e-05,124,1.47699674688272e-05,122,1.20050250975377e-05,123,1.50860330223895e-05,123,1.24137308311257e-05,122,8.94117342598875e-06,124,6.75197153535701e-06,126,5.06866685369828e-06,126,4.32241522519583e-06,126,4.0109364898026e-06,126,3.61056115613328e-06,126,4.46791669489145e-06,125
"78",0.000353619090472491,125,0.000346887259827915,117,0.000151529693123288,119,0.000144680155808227,112,9.75690266295279e-05,114,8.94879573472952e-05,111,4.30039565139271e-05,115,2.64146046670582e-05,116,2.17526675841156e-05,118,1.21996676096727e-05,122,1.48331049531315e-05,124,1.1741491707819e-05,124,8.96175443114448e-06,123,7.5401777430133e-06,123,6.48016391773014e-06,125,5.03920141786848e-06,125,4.43565341461431e-06,125,3.66800576549601e-06,125,4.35576450425984e-06,126
"61",0.000822262746490768,102,0.000192296979603651,125,8.51881903731377e-05,128,4.54964577297298e-05,128,2.49727517810069e-05,130,3.13465613483198e-05,125,1.57947096343097e-05,127,1.25387802915207e-05,127,1.02228392092432e-05,127,8.06733928250236e-06,127,7.84789487521071e-06,128,6.24081835393938e-06,127,6.96309049141126e-06,126,5.64976609592487e-06,127,4.71451399587608e-06,127,4.28708923850401e-06,127,3.88808909274145e-06,127,3.14476395833092e-06,127,3.53285519739122e-06,127
"66",0.000818294671847984,103,0.000315757610431049,119,0.000182470051718931,115,8.05681964078241e-05,120,3.72924778366222e-05,126,3.14842106290017e-05,124,2.0350463901083e-05,123,1.94603245350853e-05,121,1.38180312028363e-05,124,8.57701170571278e-06,126,7.08001987871611e-06,129,5.79436000110109e-06,128,5.3238510832481e-06,128,4.20171380585544e-06,129,3.52396272317063e-06,129,3.2951428668724e-06,128,2.83637565638817e-06,129,2.43873546021652e-06,128,2.46043268219763e-06,128
"85",0.000426985782151117,121,0.000350045994281034,116,0.000132777733320754,123,2.6450232379489e-05,135,7.89170542617473e-06,139,4.92921575347385e-06,141,2.91254052005767e-06,140,2.06374142482747e-06,141,1.41295897561433e-06,142,1.53425875637191e-06,138,3.25546037885095e-06,138,4.23870889778217e-06,130,3.26906034383792e-06,130,2.57824182351288e-06,130,2.44666652204537e-06,130,2.13780759648573e-06,130,2.00301818924724e-06,130,2.08283495568297e-06,129,2.25389794223992e-06,129
"25",0.00075080420932145,107,0.000275690496733527,122,0.000101792785461396,125,4.89971625838866e-05,127,3.13952126355784e-05,129,2.22156914361537e-05,129,1.02348693250198e-05,131,9.25858708389771e-06,129,7.43577927054265e-06,129,5.15295294358203e-06,129,8.21516346672993e-06,127,5.74244141451107e-06,129,4.74158745499215e-06,129,5.34037746308575e-06,128,3.79203782011502e-06,128,2.80517173066414e-06,129,2.94162337477291e-06,128,2.06644223762843e-06,130,2.13638296083714e-06,130
"72",0.000188923954200989,139,8.38180729858567e-05,136,4.61546424580142e-05,134,3.31890874932008e-05,131,3.40168324128856e-05,128,2.05385520702709e-05,130,1.17185701082686e-05,129,8.56706658802603e-06,131,5.33734436734025e-06,131,3.33361276879975e-06,131,5.56933823363691e-06,130,4.0926876202655e-06,131,2.7288029326189e-06,131,2.20941052444228e-06,131,1.7379537624731e-06,131,2.13261612072734e-06,131,1.91588164404511e-06,131,1.55112090474627e-06,131,1.69320905816732e-06,131
"42",0.00022413118322927,135,0.00011228581525703,132,9.57814110303002e-05,126,7.21503104391319e-05,124,4.73074966181886e-05,123,1.85488344069381e-05,132,8.12781561924282e-06,133,3.94116346583417e-06,136,2.87356621327027e-06,137,1.29865368028454e-06,141,1.89619569276479e-06,142,1.75747029998892e-06,142,1.67494330108932e-06,140,1.35011563637917e-06,140,1.07740149269747e-06,139,9.86326828032104e-07,139,1.07334901637893e-06,136,1.40417322992199e-06,132,1.48603506551284e-06,132
"53",0.000701128092260291,110,0.000322276803347941,118,0.000173095961250211,116,7.76245287284601e-05,122,3.91844174710349e-05,125,3.01920636982302e-05,126,1.43113532811305e-05,128,4.95994808297186e-06,133,3.55821456622302e-06,134,2.35065319566701e-06,135,3.62414378292041e-06,134,2.82597188722498e-06,135,1.71152864382408e-06,139,1.38450207678352e-06,138,1.1450392556797e-06,138,7.81925763286268e-07,141,1.01757850585443e-06,138,8.50996483740729e-07,139,1.31598307470285e-06,133
"148",0.000165083355155898,142,9.28007779421991e-05,134,3.95261688887031e-05,137,1.28374160388296e-05,141,6.50493976209673e-06,143,4.61077400209584e-06,142,2.23677263737181e-06,143,2.81452918932152e-06,140,2.24959831765674e-06,140,1.52371153855515e-06,139,3.36937834930343e-06,137,2.62080549516998e-06,137,1.86646255782779e-06,138,1.37392032515798e-06,139,1.17510913883023e-06,137,1.16398150316008e-06,136,1.20097930151762e-06,133,1.02954392665203e-06,134,1.17850830302927e-06,134
"146",0.000129050511406958,145,7.46285167346545e-05,140,3.23598601832463e-05,138,2.90802429748256e-05,133,7.497339732017e-06,140,5.08007274945756e-06,140,4.30237987934597e-06,138,4.45632597923657e-06,134,3.1835857705409e-06,135,2.80708836131686e-06,134,3.41529654100121e-06,136,2.89054743609371e-06,134,2.13678294356407e-06,134,1.54771709007586e-06,136,1.51524607446611e-06,134,1.46695376111466e-06,133,1.10826117997457e-06,135,9.85287491930867e-07,135,1.12623850269178e-06,135
"69",0.000178604723753878,141,4.74383036837137e-05,146,3.16666617815819e-05,139,1.42056876101338e-05,140,1.3468425634767e-05,136,1.03649387284741e-05,136,3.91910583816283e-06,139,3.46413629227788e-06,139,4.53123378280592e-06,132,3.20120168812051e-06,132,4.25373003405002e-06,131,3.50599661035831e-06,132,2.67028970505931e-06,132,2.15152088406377e-06,132,1.68178700488947e-06,133,1.51934397844874e-06,132,1.31112918634302e-06,132,1.32589302649178e-06,133,1.07817935565788e-06,136
"80",0.000391233187344265,123,0.000123423333870985,130,8.28649406137378e-05,129,4.2425747485401e-05,129,2.29774886682859e-05,133,1.41170980525313e-05,134,9.24852291392865e-06,132,8.91111263120685e-06,130,5.97057682189818e-06,130,4.31733426453604e-06,130,4.18716566316803e-06,132,3.41135513618801e-06,133,2.64014944826166e-06,133,2.11619276973144e-06,133,1.68515799804343e-06,132,1.12954003389518e-06,137,1.00520945751244e-06,139,9.07802950396595e-07,138,9.89864534657061e-07,137
"40",0.000219582465381184,136,0.00011806313100526,131,3.07483938665648e-05,140,1.07652768388043e-05,145,1.06583134664059e-05,137,7.85849732211796e-06,137,4.70278541260568e-06,137,3.58663606793653e-06,137,2.78847919175428e-06,138,1.9113407994926e-06,137,3.53022715556036e-06,135,2.81926630129076e-06,136,2.11640193076967e-06,135,1.55883760065898e-06,135,1.36840620803477e-06,135,1.25183331911748e-06,134,1.06969418752871e-06,137,9.22593187267125e-07,136,9.6486741473608e-07,138
"83",0.000344438108053272,126,0.000109266537714537,133,4.09096355870538e-05,135,2.41065309404087e-05,136,7.27531556381811e-06,142,5.37203235015322e-06,139,2.31217023000026e-06,141,1.93613337260677e-06,142,1.73757967314429e-06,141,1.16908021164121e-06,142,2.63188057320253e-06,140,1.9860858975745e-06,140,1.97303642809195e-06,136,1.63991811257824e-06,134,1.07690207974816e-06,140,1.16874484462476e-06,135,1.14420899044163e-06,134,9.1043403814587e-07,137,9.61452071245277e-07,139
"127",6.90998451217185e-05,152,5.08121790459181e-05,144,2.60893865110886e-05,143,2.25404869348603e-05,137,2.01164163036018e-05,134,1.16600302888178e-05,135,6.16980858078464e-06,136,3.51136452993429e-06,138,2.40053284350894e-06,139,1.44019607509051e-06,140,2.19310852108507e-06,141,1.83176549639516e-06,141,1.09967391442538e-06,142,8.67019607426837e-07,141,7.08657812571209e-07,141,8.63749771460406e-07,140,6.86428953199155e-07,141,6.31806409738072e-07,141,8.52972897569326e-07,140
"87",0.000142982062108974,143,5.04906940631645e-05,145,4.98162353538013e-05,132,3.21353375353558e-05,132,2.47559213162911e-05,131,1.68484047324509e-05,133,6.47038683231254e-06,135,4.43775473566296e-06,135,3.02111192761976e-06,136,1.97583276656136e-06,136,2.84452617564112e-06,139,2.38902184076795e-06,139,1.88224953959066e-06,137,1.42023518329971e-06,137,1.21535743912402e-06,136,1.10160810157591e-06,138,8.46898146067952e-07,140,6.74738187351688e-07,140,6.12636770313115e-07,141
"145",7.803723745191e-05,150,2.9485495511508e-05,150,1.61220983965376e-05,147,1.24567266597608e-05,143,9.45630419177378e-06,138,5.40448297120758e-06,138,6.97267809580047e-06,134,5.8971345960339e-06,132,4.23902877107471e-06,133,3.01443394306843e-06,133,3.6894127141174e-06,133,2.50742356338624e-06,138,1.34857098968541e-06,141,7.45488638486545e-07,144,6.27380042719815e-07,142,5.93990186405578e-07,142,5.05074172157447e-07,142,4.09765693855104e-07,142,4.3954497741588e-07,142
"93",0.000267970421317018,129,7.6670482646006e-05,138,2.62744010336044e-05,142,1.54162970823825e-05,138,6.28914176886963e-06,144,3.84152146581135e-06,145,2.04856030594718e-06,144,1.67707904970456e-06,143,1.3706287338191e-06,143,8.76150588143718e-07,143,1.57429081322147e-06,143,1.10921218741553e-06,144,7.68238087022675e-07,144,8.4994714893204e-07,142,5.99400381377653e-07,143,4.67247465031368e-07,144,4.44271978152908e-07,143,4.05792372929429e-07,143,4.32883971337688e-07,143
"125",0.000259863375823709,130,0.000204184881098282,124,4.05600723343063e-05,136,1.42373229633885e-05,139,4.04404727961564e-06,148,3.81654667271392e-06,146,2.27136251745846e-06,142,1.37525823687814e-06,145,9.74029915973146e-07,145,8.45355358097086e-07,144,1.36115755146763e-06,144,1.38242177803012e-06,143,9.72203967149165e-07,143,7.67823380269058e-07,143,5.75453777417556e-07,144,5.02270688658297e-07,143,3.82000702118397e-07,144,3.25840973664542e-07,144,3.50988507941989e-07,144
"147",0.000211760580179263,137,3.72330907115648e-05,149,2.09013640107679e-05,144,1.03956065220115e-05,146,5.40511087310361e-06,146,3.42807336882727e-06,147,1.43468585257474e-06,145,1.52284019162379e-06,144,1.11567930308445e-06,144,7.36816532723642e-07,145,1.24233952561168e-06,145,6.78822557966436e-07,145,4.57811944153895e-07,145,3.59460864032499e-07,145,2.6639929340145e-07,145,2.16387534377789e-07,145,1.63697240032761e-07,145,1.33684149575659e-07,145,1.43526306707019e-07,145
"64",0.000359884825544985,124,0.000192168356488581,126,2.94170302931399e-05,141,1.27446404396529e-05,142,6.15994350813951e-06,145,2.67716939404165e-06,148,1.23113046871636e-06,146,1.25777744550192e-06,146,8.62029205746913e-07,146,5.29305713214235e-07,146,4.51828042073632e-07,146,3.93506272028785e-07,146,2.55471562708737e-07,146,2.06026047104957e-07,146,1.39094590331095e-07,146,1.20617043056799e-07,146,1.28239702672362e-07,146,1.13023056057042e-07,146,1.21166994076847e-07,146
"22",0.000137318699198187,144,1.82675632692334e-05,151,8.90460277222526e-06,149,5.1766346697104e-06,149,3.43440631241164e-06,149,1.2769598179792e-06,151,7.02195097264331e-07,148,2.57740687566919e-07,151,1.43012419748336e-07,151,9.44263302682441e-08,151,1.18363624736355e-07,151,9.55531564405174e-08,151,6.52506389402341e-08,151,5.27494869568962e-08,151,3.90407135163872e-08,151,3.37951973953388e-08,151,6.53211907658425e-08,147,5.63579818407427e-08,147,6.35063239756269e-08,147
"110",0.00020790185530664,138,0.000126473026483795,129,1.84824950783173e-05,145,7.84206816632571e-06,148,5.00552623431751e-06,147,4.5579443438283e-06,143,1.13930014413084e-06,147,5.14854143034039e-07,147,3.17115605913378e-07,148,2.29368026371425e-07,147,3.4583811182586e-07,147,2.684553737607e-07,147,1.82486881730346e-07,147,1.29876190113494e-07,147,1.02073307555749e-07,147,8.77073052792896e-08,147,4.50188824455241e-08,148,3.67085574051702e-08,148,4.08275504288777e-08,148
"2",0.000100924458821961,146,6.06694692042758e-05,143,8.50155658136766e-06,151,3.66162132809553e-06,151,9.32773832946801e-07,152,5.28951178266393e-07,152,5.21016778544458e-07,150,3.2022998223099e-07,150,1.77920311938415e-07,150,1.28193139364419e-07,150,1.80447312418168e-07,150,1.43798079805823e-07,150,9.97902288828496e-08,149,7.86769728307455e-08,148,6.34223540137864e-08,148,5.439993436404e-08,148,4.08133776398355e-08,149,3.51718261888972e-08,149,3.9352340306748e-08,149
"94",8.25698672878881e-05,149,1.82307466455299e-05,152,8.6839660414469e-06,150,4.53615994381799e-06,150,2.51296274516063e-06,150,1.64637471886307e-06,149,4.31682614480576e-07,151,3.40363205496918e-07,149,2.17958608693728e-07,149,1.4314114837344e-07,149,2.41424061280653e-07,149,1.59054975170084e-07,148,8.57125681842911e-08,150,6.00594823790861e-08,150,4.63802896430518e-08,150,4.05394068017303e-08,150,3.47381679101765e-08,151,2.94884008248671e-08,150,3.27568539785824e-08,150
"9",9.69680851475707e-05,148,4.63811599545775e-05,147,7.17250891243281e-06,152,3.11342502407834e-06,152,2.13206844585274e-06,151,1.38395729203755e-06,150,6.26911525575786e-07,149,4.95898524398736e-07,148,3.65584693456838e-07,147,1.59141489497702e-07,148,2.44469455169351e-07,148,1.49567133270388e-07,149,1.10052904670572e-07,148,7.27610043350728e-08,149,5.14842589002704e-08,149,4.67634016295011e-08,149,3.80103921540943e-08,150,2.80509779108511e-08,151,3.02256645443243e-08,151
"56",9.89185420975978e-05,147,7.04269397468689e-05,142,1.84350865774313e-05,146,1.08302163008604e-05,144,7.28335019087582e-06,141,4.39654001768139e-06,144,3.52624791655859e-07,152,2.14890052379871e-07,152,9.61308403576193e-08,152,6.85890663276928e-08,152,9.89378814325337e-08,152,7.70722447780209e-08,152,5.31835082837243e-08,152,4.17069174111874e-08,152,3.37918599058856e-08,152,2.81363921757387e-08,152,2.24951444078635e-08,152,1.99553372747884e-08,152,2.21578397457918e-08,152
